Version	Id	Symbol	Flags	Location	RouteNodes
7	1	RN_CITADEL_GLOOM		9,1	RN_CITADEL_GLOOM,RN_CITADEL_GLOOM
7	2	RN_KEEP_OF_LORGRIM		47,4	RN_KEEP_OF_LORGRIM,RN_KEEP_OF_ITHRIL
7	3	RN_DESPAIR_KEEP_3		29,5	RN_DESPAIR_KEEP_3,RN_CITADEL_USHGARAK
7	4	RN_CITADEL_VORGATH		23,6	RN_CITADEL_VORGATH,RN_WEIRDHENGE
7	5	RN_KEEP_OF_DEATH		33,7	RN_KEEP_OF_DEATH,RN_CITADEL_USHGARAK
7	6	RN_DESPAIR_KEEP_6		24,8	RN_DESPAIR_KEEP_6,RN_CITADEL_VORGATH
7	7	RN_CITADEL_USHGARAK		30,8	RN_CITADEL_USHGARAK,RN_CITADEL_KOR
7	8	RN_CITADEL_GRARG		38,8	RN_GRARG_KEEP_9,RN_GRARG_KEEP_11
7	9	RN_GRARG_KEEP_9		41,9	RN_KEEP_OF_LORGRIM,RN_CAVERN_OF_CRARG
7	10	RN_KEEP_OF_FADRATH		58,9	RN_KEEP_OF_FADRATH,RN_KEEP_OF_FADRATH
7	11	RN_GRARG_KEEP_11		40,10	RN_GRARG_KEEP_11,RN_CAVERN_OF_CRARG
7	12	RN_KEEP_OF_LOTHORIL		12,11	RN_KEEP_OF_LOTHORIL,RN_KEEP_OF_LOTHORIL
7	13	RN_LOST_KEEP_13		22,12	RN_UGRAK_KEEP_14,RN_KOR_KEEP_23
7	14	RN_UGRAK_KEEP_14		26,12	RN_KOR_KEEP_27,RN_KOR_KEEP_23
7	15	RN_CITADEL_KOR		30,13	RN_KOR_KEEP_23,RN_KOR_KEEP_24
7	16	RN_KOR_KEEP_16		37,13	RN_KOR_KEEP_23,RN_KOR_KEEP_24
7	17	RN_KEEP_OF_ITHRIL		52,13	RN_ITHRIL_KEEP_20,RN_ITHRIL_KEEP_26
7	18	RN_KEEP_OF_DROON		63,13	RN_CITADEL_ITHRORN,RN_CITADEL_ITHRORN
7	19	RN_GLORIM_KEEP_19		17,14	RN_GLORIM_KEEP_22,RN_GLORIM_KEEP_22
7	20	RN_ITHRIL_KEEP_20		56,14	RN_KEEP_OF_DROON,RN_CITADEL_ITHRORN
7	21	RN_CITADEL_ITHRORN		58,16	RN_KEEP_OF_WHISPERS,RN_RUIN_KUMAR_111
7	22	RN_GLORIM_KEEP_22		15,17	RN_OGRIM_LITH_106,RN_KORKITH_KEEP_30
7	23	RN_KOR_KEEP_23		28,17	RN_KOR_KEEP_28,RN_KEEP_OF_KOR
7	24	RN_KOR_KEEP_24		35,17	RN_KEEP_OF_KOR,RN_VALETHOR_KEEP_42
7	25	RN_CITADEL_DREAMS		43,17	RN_CITADEL_DREAMS,RN_CITADEL_DREAMS
7	26	RN_ITHRIL_KEEP_26		53,17	RN_CITADEL_ITHRORN,RN_CITADEL_ITHRORN
7	27	RN_KOR_KEEP_27		20,18	RN_CITADEL_KORKITH,RN_CITADEL_KORKITH
7	28	RN_KOR_KEEP_28		23,19	RN_KOR_KEEP_27,RN_CITADEL_KORKITH
7	29	RN_ITHRIL_KEEP_29		55,19	RN_CITADEL_ITHRORN,RN_KEEP_OF_WHISPERS
7	30	RN_KORKITH_KEEP_30		15,21	RN_CITADEL_KORKITH,RN_CITADEL_KORKITH
7	31	RN_ITHRIL_KEEP_31		50,21	RN_ITHRIL_KEEP_26,RN_ITHRIL_KEEP_29
7	32	RN_KEEP_OF_WHISPERS		58,21	RN_HERATH_KEEP_38,RN_HERATH_KEEP_38
7	33	RN_CITADEL_KORKITH		19,22	RN_KEEP_OF_VALETHOR,RN_KEEP_OF_VALETHOR
7	34	RN_KOR_KEEP_34		43,22	RN_KOR_KEEP_34,RN_ITHRIL_KEEP_36
7	35	RN_KEEP_OF_KOR		32,23	RN_KOR_KEEP_39,RN_KOR_KEEP_37
7	36	RN_ITHRIL_KEEP_36		47,23	RN_ITHRIL_KEEP_36,RN_ITHRIL_KEEP_31
7	37	RN_KOR_KEEP_37		40,24	RN_KOR_KEEP_34,RN_KEEP_HERATH
7	38	RN_HERATH_KEEP_38		57,25	RN_CITADEL_KUMAR,RN_KEEP_OF_UTARG
7	39	RN_KOR_KEEP_39		33,26	RN_VALETHOR_KEEP_42,RN_VALETHOR_KEEP_42
7	40	RN_KEEP_HERATH		46,27	RN_HERATH_KEEP_41,RN_KEEP_OF_KUMAR
7	41	RN_HERATH_KEEP_41		55,27	RN_HERATH_KEEP_38,RN_CITADEL_KUMAR
7	42	RN_VALETHOR_KEEP_42		35,28	RN_VALETHOR_KEEP_46,RN_VALETHOR_KEEP_46
7	43	RN_KEEP_OF_VALETHOR		18,29	RN_CITADEL_GORGARTH,RN_VALETHOR_KEEP_51
7	44	RN_MARAKITH_KEEP_44		43,29	RN_KEEP_OF_KUMAR,RN_KEEP_HERATH
7	45	RN_CITADEL_GORGARTH		25,30	RN_VALETHOR_KEEP_50,RN_VALETHOR_KEEP_51
7	46	RN_VALETHOR_KEEP_46		31,30	RN_CITADEL_GORGARTH,RN_VALETHOR_KEEP_51
7	47	RN_KEEP_OF_KUMAR		52,30	RN_CITADEL_KUMAR,RN_TARG_KEEP_49
7	48	RN_CITADEL_KUMAR		58,30	RN_TARG_KEEP_49,RN_KEEP_OF_UTARG
7	49	RN_TARG_KEEP_49		56,32	RN_KEEP_OF_UTARG,RN_KEEP_OF_ANTHORIL
7	50	RN_VALETHOR_KEEP_50		22,33	RN_KEEP_OF_DODRAK,RN_KEEP_OF_BLOOD
7	51	RN_VALETHOR_KEEP_51		24,33	RN_KEEP_OF_BLOOD,RN_BLOOD_KEEP_55
7	52	RN_CITADEL_MARAKITH		44,33	RN_DAWN_KEEP_62,RN_DAWN_KEEP_63
7	53	RN_KEEP_OF_DODRAK		14,34	RN_LITH_OF_ASHIMAR,RN_KEEP_OF_THEMOON
7	54	RN_KEEP_OF_MARAKITH		35,34	RN_MARAKITH_KEEP_44,RN_CITADEL_MARAKITH
7	55	RN_BLOOD_KEEP_55		31,35	RN_KEEP_OF_MARAKITH,RN_BLOOD_KEEP_59
7	56	RN_KEEP_OF_UTARG		60,35	RN_KEEP_OF_ANTHORIL,RN_KEEP_OF_DREGRIM
7	57	RN_KEEP_OF_BLOOD		22,37	RN_BLOOD_KEEP_60,RN_BLOOD_KEEP_61
7	58	RN_KEEP_OF_ANTHORIL		55,39	RN_DAWN_KEEP_62,RN_KEEP_OF_DREGRIM
7	59	RN_BLOOD_KEEP_59		28,40	RN_CITADEL_SHIMERIL,RN_KEEP_OF_DAWN
7	60	RN_BLOOD_KEEP_60		23,41	RN_KEEP_OF_THEMOON,RN_CITADEL_SHIMERIL
7	61	RN_BLOOD_KEEP_61		26,41	RN_CITADEL_SHIMERIL,RN_KEEP_OF_MITHARG
7	62	RN_DAWN_KEEP_62		49,41	RN_TRORN_KEEP_74,RN_KEEP_OF_TRORN
7	63	RN_DAWN_KEEP_63		43,42	RN_KEEP_OF_DAWN,RN_CITADEL_DAWN
7	64	RN_KEEP_OF_DREGRIM		56,42	RN_CITADEL_DAWN,RN_KEEP_OF_TRORN
7	65	RN_KEEP_OF_THEMOON		18,43	RN_KEEP_OF_GARD,RN_KEEP_OF_BRITH
7	66	RN_CITADEL_SHIMERIL		29,43	RN_LITH_OF_SHIMERIL,RN_KEEP_OF_DAWN
7	67	RN_KEEP_OF_DAWN		38,44	RN_DAWN_KEEP_71,RN_RUIN_OF_RORATH
7	68	RN_CITADEL_DREGRIM		60,44	RN_CITADEL_DREGRIM,RN_CITADEL_DREGRIM
7	69	RN_CITADEL_DAWN		45,46	RN_DAWN_KEEP_71,RN_TRORN_KEEP_74
7	70	RN_KEEP_OF_MITHARG		30,47	RN_DAWN_KEEP_71,RN_KEEP_OF_BRITH
7	71	RN_DAWN_KEEP_71		43,47	RN_MORNING_KEEP_79,RN_KEEP_OF_CORELAY
7	72	RN_KEEP_OF_TORKREN		8,48	RN_CITADEL_GARD,RN_KEEP_OF_SILENCE
7	73	RN_KEEP_OF_GARD		11,48	RN_GARD_KEEP_82,RN_GARD_KEEP_82
7	74	RN_TRORN_KEEP_74		49,49	RN_KEEP_OF_CORELAY,RN_TRORN_KEEP_80
7	75	RN_KEEP_OF_BRITH		22,50	RN_KEEP_OF_ODRARK,RN_BRITH_KEEP_89
7	76	RN_KEEP_OF_CORELAY		46,50	RN_CORELAY_KEEP_81,RN_CORELAY_KEEP_84
7	77	RN_KEEP_OF_TRORN		55,51	RN_CORELAY_KEEP_85,RN_CORELAY_KEEP_95
7	78	RN_KEEP_OF_MORNING		40,52	RN_KEEP_OF_ODRARK,RN_CORELAY_KEEP_90
7	79	RN_MORNING_KEEP_79		43,52	RN_KEEP_OF_MORNING,RN_CORELAY_KEEP_84
7	80	RN_TRORN_KEEP_80		51,52	RN_KEEP_OF_TRORN,RN_CORELAY_KEEP_95
7	81	RN_CORELAY_KEEP_81		47,53	RN_CORELAY_KEEP_84,RN_CITADEL_XAJORKITH
7	82	RN_GARD_KEEP_82		13,55	RN_CITADEL_GARD,RN_GARD_KEEP_92
7	83	RN_KEEP_OF_ODRARK		26,55	RN_RUIN_OF_RORATH,RN_RUIN_OF_RORATH
7	84	RN_CORELAY_KEEP_84		45,55	RN_CITADEL_XAJORKITH,RN_CITADEL_XAJORKITH
7	85	RN_CORELAY_KEEP_85		56,55	RN_CORELAY_KEEP_94,RN_CITADEL_XAJORKITH
7	86	RN_KEEP_OF_SILENCE		8,56	RN_SILENCE_KEEP_91,RN_SILENCE_KEEP_91
7	87	RN_CITADEL_GARD		11,56	RN_KEEP_OF_SILENCE,RN_GARD_KEEP_92
7	88	RN_KEEP_OF_ISHMALAY		18,57	RN_BRITH_KEEP_89,RN_RUIN_OF_ODRARK
7	89	RN_BRITH_KEEP_89		22,57	RN_RUIN_OF_ODRARK,RN_KEEP_OF_ODRARK
7	90	RN_CORELAY_KEEP_90		38,57	RN_CORELAY_KEEP_93,RN_CORELAY_KEEP_93
7	91	RN_SILENCE_KEEP_91		9,58	RN_GARD_KEEP_92,RN_BRITH_KEEP_102
7	92	RN_GARD_KEEP_92		13,58	RN_BRITH_KEEP_102,RN_KEEP_OF_ISHMALAY
7	93	RN_CORELAY_KEEP_93		40,59	RN_CORELAY_KEEP_96,RN_CORELAY_KEEP_96
7	94	RN_CORELAY_KEEP_94		57,59	RN_CITADEL_XAJORKITH,RN_CITADEL_XAJORKITH
7	95	RN_CORELAY_KEEP_95		64,59	RN_CORELAY_KEEP_94,RN_CORELAY_KEEP_101
7	96	RN_CORELAY_KEEP_96		43,60	RN_CITADEL_XAJORKITH,RN_CITADEL_XAJORKITH
7	97	RN_CITADEL_XAJORKITH		46,60	RN_CITADEL_XAJORKITH,RN_CITADEL_XAJORKITH
7	98	RN_TORKREN_KEEP_98		5,61	RN_GARD_KEEP_92,RN_BRITH_KEEP_102
7	99	RN_KEEP_OF_THIMRATH		34,61	RN_CORELAY_KEEP_93,RN_CORELAY_KEEP_96
7	100	RN_KEEP_OF_RORATH		24,61	RN_KEEP_OF_ODRARK,RN_RUIN_OF_RORATH
7	101	RN_CORELAY_KEEP_101		60,61	RN_CITADEL_XAJORKITH,RN_CITADEL_XAJORKITH
7	102	RN_BRITH_KEEP_102		15,61	RN_KEEP_OF_RORATH,RN_KEEP_OF_RORATH
7	103	RN_RUIN_OF_RORATH		28,58	RN_KEEP_OF_THIMRATH,RN_KEEP_OF_THIMRATH
7	104	RN_CAVERN_OF_CRARG		43,12	RN_KOR_KEEP_16,RN_KOR_KEEP_16
7	105	RN_WEIRDHENGE		19,4	RN_LOST_KEEP_13,RN_GLORIM_KEEP_19
7	106	RN_OGRIM_LITH_106		8,22	RN_KEEP_OF_DODRAK,RN_LITH_OF_ASHIMAR
7	107	RN_LITH_OF_ASHIMAR		7,38	RN_LAKE_ASHIMAR,RN_KEEP_OF_GARD
7	108	RN_LAKE_ASHIMAR		3,40	RN_PLAINS_TORKREN_109,RN_PLAINS_TORKREN_109
7	109	RN_PLAINS_TORKREN_109		1,48	RN_KEEP_OF_TORKREN,RN_TORKREN_KEEP_98
7	110	RN_RUIN_OF_ODRARK		21,61	RN_KEEP_OF_RORATH,RN_KEEP_OF_RORATH
7	111	RN_RUIN_KUMAR_111		63,25	RN_CITADEL_KUMAR,RN_KEEP_OF_UTARG
7	112	RN_LITH_OF_SHIMERIL		30,45	RN_CITADEL_DAWN,RN_KEEP_OF_MITHARG
