Version	Id	Symbol	Flags	Name	Prefix	Neighbours
7	0	AR_NONE		none		
7	1	AR_IMILVIR		Imilvir		AR_CORELAY,AR_LAST,AR_JADE,AR_ERIFEL,AR_EOMIR,AR_NORTHERN,AR_MERANOR,AR_ERILAN,AR_SARADWIN,AR_ELINVAR,AR_MERIKITH,AR_SHIMMERING,AR_FORGOTTEN,AR_WHISPERING,AR_ARADEL,AR_SCARADIR,AR_EMERTHEN,AR_CARAFEL,AR_SONGS,AR_CORITHEL,AR_ELORTHORD,AR_SOUTHERN,AR_ARAVIK,AR_EREGOTH,AR_ELINMOR
7	2	AR_EODRAL		Eodral		AR_RILNOR,AR_VARORN,AR_THUMAR,AR_SHARVIK,AR_NORTHERN,AR_ELINMOR
7	3	AR_ARELON		Arelon		AR_THORDROTH,AR_ISILFREY,AR_RILLEON,AR_GALORBARD,AR_EREFAR,AR_ORCAR,AR_THARRAN,AR_CORLON
7	4	AR_ARAVIK		Aravik		AR_FOREVER,AR_FORGOTTEN,AR_WHISPERING,AR_FINFYR,AR_GEREMIEL,AR_IMILVIR
7	5	AR_CARADWIN		Caradwin		AR_TAREFYR,AR_SILFAR,AR_DAWN,AR_MALGOR,AR_BARATHOR,AR_GRORN,AR_THUNDER,AR_CORITHEL,AR_GLIWAIN,AR_ATHRUDAN,AR_ERILMARK
7	6	AR_FALTHRANG		Falthrang		AR_GILGRATH,AR_ZARAGORN,AR_VALGRORN,AR_MARANOR,AR_DEATH,AR_BURNING,AR_RAVENS,AR_ULMOR
7	7	AR_ELINMOR		Elinmor		AR_THUMAR,AR_SHARVIK,AR_IMILDRAL,AR_MELTHOR,AR_VARORN,AR_IMILVIR,AR_EODRAL,AR_RILNOR
7	8	AR_TAREFYR		Tarefyr		AR_CARADWIN,AR_THUNDER,AR_ARARAK,AR_SHARENOR,AR_ILDEMAR,AR_ZARAGORN,AR_THARN,AR_DAWN
7	9	AR_NORTHERN		Northern		AR_IMILVIR,AR_MIDDLE,AR_EOMIR,AR_RILNOR,AR_VARORN,AR_EASTERN,AR_EODRAL,AR_WESTERN
7	10	AR_EASTERN		Eastern		AR_NORTHERN,AR_SOUTHERN,AR_MIDDLE,AR_VARORN,AR_CEREVERE,AR_CEREMELTH
7	11	AR_SOUTHERN		Southern		AR_WESTERN,AR_MIDDLE,AR_EASTERN,AR_IMILVIR,AR_ARUNVERE,AR_MERANOR
7	12	AR_WESTERN		Western		AR_EOMIR,AR_NORTHERN,AR_SOUTHERN,AR_MIDDLE,AR_ARELBAN,AR_ARUNVERE
7	13	AR_MIDDLE		Middle		AR_NORTHERN,AR_SOUTHERN,AR_EASTERN,AR_WESTERN,AR_IMMIEL
7	14	AR_ULMOR		Ulmor		AR_FALTHRANG,AR_MARANOR,AR_RAVENS,AR_BURNING,AR_DEATH,AR_TARK,AR_ATHRUK,AR_SKULLS,AR_SHINING
7	15	AR_SKULLS		Skulls		AR_ATHRUK,AR_THORDRIN,AR_ULMOR,AR_SHINING,AR_STORMS,AR_BIG,AR_CORTH,AR_SILFAR,AR_GREY
7	16	AR_SHINING		Shining		AR_BURNING,AR_ULMOR,AR_SKULLS,AR_GREY
7	17	AR_SILFAR		Silfar		AR_CARADWIN,AR_ERILMARK,AR_ROREON,AR_GREY,AR_FINROD,AR_CORTH,AR_SKULLS
7	18	AR_GREY		Grey		AR_ROREON,AR_WEEPING,AR_SILFAR,AR_SKULLS,AR_SHINING
7	19	AR_EREGOTH		Eregoth		AR_FIRE,AR_WEEPING,AR_ROREON,AR_CERRELM,AR_ARABAR,AR_ELINBRAND,AR_ALATHOR,AR_IMILVIR,AR_SONGS,AR_ROMIEL,AR_CARAMANE
7	20	AR_WEEPING		Weeping		AR_FIRE,AR_ASHNAR,AR_SHRYGAL,AR_EREGOTH,AR_ROREON,AR_GREY,AR_GALORWAIN,AR_SARNOTH
7	21	AR_FIRE		Fire		AR_EREGOTH,AR_WEEPING,AR_ASHNAR,AR_CORMIR,AR_MELIBOR,AR_MERMAIDS,AR_RAVENFREY,AR_THARRAN,AR_CARAMANE,AR_SERPENTS,AR_FARAGOR,AR_RILDROTH,AR_ANGELF,AR_GALORWAIN
7	22	AR_GALORWAIN		Galorwain		AR_SHARMARK,AR_MELIBOR,AR_ELORMANE,AR_FIRE,AR_ANGELF,AR_WEEPING,AR_ERIVIK,AR_SARNOTH
7	23	AR_THARRAN		Tharran		AR_FIRE,AR_CARAMANE,AR_ARELON,AR_EREFAR,AR_ELMIR,AR_RAVENFREY
7	24	AR_MERMAIDS		Mermaids		AR_RAVENFREY,AR_MELIBOR,AR_FIRE
7	25	AR_SERPENTS		Serpents		AR_FIRE,AR_CORMIR,AR_FARAGOR
7	26	AR_IMMIEL		Immiel		AR_MIDDLE
7	27	AR_RILLEON		Rilleon		AR_ARELON,AR_THORDROTH,AR_GALORBARD,AR_ORCAR,AR_EREFAR,AR_ELMIR,AR_SAPPHIRE,AR_ISILFREY,AR_CORLON
7	28	AR_MARANOR		Maranor		AR_FALTHRANG,AR_VALGRORN,AR_DEATH,AR_RAVENS,AR_ULMOR
7	29	AR_CORELAY		Corelay		AR_IMILVIR,AR_LAST
7	30	AR_JADE		Jade		AR_IMILVIR,AR_LAST,AR_ERIFEL,AR_EOMIR,AR_SAREON
7	31	AR_LAST		Last		AR_IMILVIR,AR_CORELAY,AR_JADE
7	32	AR_ERIFEL		Erifel		AR_JADE,AR_SAREON,AR_RILNOR,AR_EOMIR,AR_IMILVIR
7	33	AR_SAREON		Sareon		AR_JADE,AR_ERIFEL,AR_RILNOR,AR_THUMAR
7	34	AR_EOMIR		Eomir		AR_IMILVIR,AR_NORTHERN,AR_WESTERN,AR_ERIFEL,AR_RILNOR,AR_JADE,AR_ARELBAN
7	35	AR_RILNOR		Rilnor		AR_SAREON,AR_ERIFEL,AR_EOMIR,AR_NORTHERN,AR_VARORN,AR_ELINMOR,AR_THUMAR,AR_EODRAL
7	36	AR_THUMAR		Thumar		AR_ELINMOR,AR_SHARVIK,AR_RILNOR,AR_SAREON,AR_EODRAL
7	37	AR_SHARVIK		Sharvik		AR_THUMAR,AR_ERENIM,AR_IMILDRAL,AR_ELINMOR,AR_EODRAL
7	38	AR_IMILDRAL		Imildral		AR_SHARVIK,AR_ERENIM,AR_ISILFREY,AR_THORDROTH,AR_MELTHOR,AR_ELINMOR
7	39	AR_ERENIM		Erenim		AR_SHARMARK,AR_SAPPHIRE,AR_ISILFREY,AR_IMILDRAL,AR_SHARVIK
7	40	AR_ISILFREY		Isilfrey		AR_ERENIM,AR_SAPPHIRE,AR_RILLEON,AR_ARELON,AR_THORDROTH,AR_IMILDRAL,AR_CORLON
7	41	AR_THORDROTH		Thordroth		AR_ARELON,AR_ISILFREY,AR_RILLEON,AR_GALORBARD,AR_FARWAIN,AR_MELTHOR,AR_IMILDRAL,AR_CORLON
7	42	AR_GALORBARD		Galorbard		AR_THORDROTH,AR_ARELON,AR_RILLEON,AR_ORCAR,AR_CRIMSON,AR_MARALAN,AR_FARWAIN
7	43	AR_CORLON		Corlon		AR_ARELON,AR_THORDROTH,AR_RILLEON,AR_ISILFREY
7	44	AR_FARWAIN		Farwain		AR_THORDROTH,AR_GALORBARD,AR_MARALAN,AR_BEOMIR,AR_CEREMELTH,AR_MELTHOR
7	45	AR_MARALAN		Maralan		AR_FARWAIN,AR_GALORBARD,AR_CRIMSON,AR_CARAFEL,AR_BEOMIR
7	46	AR_BEOMIR		Beomir		AR_CEREMELTH,AR_FARWAIN,AR_MARALAN,AR_CARAFEL,AR_SCARADIR,AR_SARADWIN,AR_MERANOR
7	47	AR_CEREMELTH		Ceremelth		AR_CEREVERE,AR_MELTHOR,AR_FARWAIN,AR_BEOMIR,AR_MERANOR,AR_EASTERN
7	48	AR_CARAFEL		Carafel		AR_MARALAN,AR_CRIMSON,AR_SONGS,AR_ELORTHORD,AR_IMILVIR,AR_EMERTHEN,AR_SCARADIR,AR_BEOMIR
7	49	AR_SARADWIN		Saradwin		AR_IMILVIR,AR_BEOMIR,AR_SCARADIR,AR_MERIKITH,AR_ERILAN
7	50	AR_EMERTHEN		Emerthen		AR_CARAFEL,AR_IMILVIR,AR_ELORTHORD,AR_CORITHEL,AR_SCARADIR
7	51	AR_SCARADIR		Scaradir		AR_IMILVIR,AR_BEOMIR,AR_CARAFEL,AR_EMERTHEN,AR_CORITHEL,AR_THUNDER,AR_ARARAK,AR_MERIKITH,AR_SARADWIN
7	52	AR_MERANOR		Meranor		AR_SOUTHERN,AR_IMILVIR,AR_CEREMELTH,AR_ERILAN,AR_ARUNVERE,AR_BEOMIR
7	53	AR_ARELBAN		Arelban		AR_EOMIR,AR_WESTERN,AR_ARUNVERE
7	54	AR_ARUNVERE		Arunvere		AR_WESTERN,AR_SOUTHERN,AR_ARELBAN,AR_MERANOR,AR_ERILAN
7	55	AR_ERILAN		Erilan		AR_ARUNVERE,AR_MERANOR,AR_IMILVIR,AR_SARADWIN,AR_ELINVAR
7	56	AR_ELINVAR		Elinvar		AR_ERILAN,AR_IMILVIR,AR_MERIKITH,AR_SHIMMERING,AR_FORGOTTEN,AR_ARELMAR
7	57	AR_ARELMAR		Arelmar		AR_ELINVAR,AR_FORGOTTEN
7	58	AR_SHIMMERING		Shimmering		AR_IMILVIR,AR_ELINVAR,AR_MERIKITH,AR_ARADEL,AR_WHISPERING,AR_FORGOTTEN
7	59	AR_FORGOTTEN		Forgotten		AR_ARELMAR,AR_ELINVAR,AR_IMILVIR,AR_SHIMMERING,AR_WHISPERING,AR_ARAVIK,AR_FOREVER
7	60	AR_WHISPERING		Whispering		AR_SHIMMERING,AR_IMILVIR,AR_ARADEL,AR_GOLDEN,AR_FINFYR,AR_ARAVIK,AR_FOREVER,AR_FORGOTTEN
7	61	AR_FOREVER		Forever		AR_FORGOTTEN,AR_ARAVIK,AR_WHISPERING,AR_FINFYR,AR_GEREMIEL
7	62	AR_GOLDEN		Golden		AR_WHISPERING,AR_ARADEL,AR_ARARAK,AR_SHARENOR,AR_FINFYR
7	63	AR_FINFYR		Finfyr		AR_WHISPERING,AR_GOLDEN,AR_SHARENOR,AR_GEREMIEL,AR_ARAVIK,AR_FOREVER
7	64	AR_GEREMIEL		Geremiel		AR_FOREVER,AR_ARAVIK,AR_FINFYR,AR_SHARENOR,AR_ILDEMAR,AR_SAMARAND,AR_EMERGELM
7	65	AR_SAMARAND		Samarand		AR_GEREMIEL,AR_ILDEMAR,AR_ZARAGORN,AR_GILGRATH,AR_EMERGELM
7	66	AR_EMERGELM		Emergelm		AR_GEREMIEL,AR_SAMARAND
7	67	AR_ILDEMAR		Ildemar		AR_SHARENOR,AR_TAREFYR,AR_ZARAGORN,AR_SAMARAND,AR_GEREMIEL
7	68	AR_ZARAGORN		Zaragorn		AR_TAREFYR,AR_THARN,AR_VALGRORN,AR_FALTHRANG,AR_GILGRATH,AR_SAMARAND,AR_ILDEMAR
7	69	AR_GILGRATH		Gilgrath		AR_FALTHRANG,AR_VALGRORN,AR_BURNING,AR_SAMARAND,AR_ZARAGORN
7	70	AR_THARN		Tharn		AR_DAWN,AR_VALGRORN,AR_ZARAGORN,AR_TAREFYR
7	71	AR_SHARENOR		Sharenor		AR_GOLDEN,AR_ARARAK,AR_TAREFYR,AR_ILDEMAR,AR_GEREMIEL,AR_FINFYR
7	72	AR_ARARAK		Ararak		AR_ARADEL,AR_SCARADIR,AR_THUNDER,AR_TAREFYR,AR_SHARENOR,AR_GOLDEN
7	73	AR_THUNDER		Thunder		AR_SCARADIR,AR_CORITHEL,AR_CARADWIN,AR_DAWN,AR_TAREFYR,AR_ARARAK
7	74	AR_DAWN		Dawn		AR_CARADWIN,AR_THUNDER,AR_MALGOR,AR_DWARDOR,AR_VALGRORN,AR_THARN,AR_TAREFYR
7	75	AR_MERIKITH		Merikith		AR_IMILVIR,AR_SARADWIN,AR_SCARADIR,AR_ARADEL,AR_SHIMMERING,AR_ELINVAR
7	76	AR_ARADEL		Aradel		AR_IMILVIR,AR_MERIKITH,AR_ARARAK,AR_GOLDEN,AR_WHISPERING,AR_SHIMMERING
7	77	AR_VALGRORN		Valgrorn		AR_DWARDOR,AR_DEATH,AR_MARANOR,AR_FALTHRANG,AR_RAVENS,AR_GILGRATH,AR_ZARAGORN,AR_THARN,AR_DAWN,AR_BURNING
7	78	AR_MALGOR		Malgor		AR_CARADWIN,AR_GLIWAIN,AR_ATHRUDAN,AR_BARATHOR,AR_DWARDOR,AR_DAWN,AR_CORITHEL
7	79	AR_DWARDOR		Dwardor		AR_MALGOR,AR_BARATHOR,AR_DEATH,AR_VALGRORN,AR_DAWN
7	80	AR_DEATH		Death		AR_BARATHOR,AR_MARANOR,AR_ULMOR,AR_FALTHRANG,AR_VALGRORN,AR_DWARDOR,AR_IRON,AR_TARK
7	81	AR_BARATHOR		Barathor		AR_ATHRUDAN,AR_CARADWIN,AR_ERILMARK,AR_GRORN,AR_IRON,AR_DEATH,AR_DWARDOR,AR_MALGOR
7	82	AR_BURNING		Burning		AR_GILGRATH,AR_FALTHRANG,AR_RAVENS,AR_VALGRORN,AR_ULMOR,AR_SHINING
7	83	AR_RAVENS		Ravens		AR_FALTHRANG,AR_VALGRORN,AR_MARANOR,AR_ULMOR,AR_BURNING
7	84	AR_IRON		Iron		AR_GRORN,AR_GOGRUN,AR_TARK,AR_DEATH,AR_BARATHOR
7	85	AR_TARK		Tark		AR_GOGRUN,AR_OTHRYM,AR_ATHRUK,AR_ULMOR,AR_DEATH,AR_IRON
7	86	AR_ATHRUK		Athruk		AR_OTHRYM,AR_THORDRIN,AR_SKULLS,AR_ULMOR,AR_TARK
7	87	AR_THORDRIN		Thordrin		AR_OTHRYM,AR_SKIROL,AR_STORMS,AR_SKULLS,AR_ATHRUK
7	88	AR_STORMS		Storms		AR_SKULLS,AR_THORDRIN,AR_SKIROL,AR_BIG
7	89	AR_BIG		Big		AR_SKULLS,AR_STORMS,AR_SKIROL,AR_CORTH
7	90	AR_CORTH		Corth		AR_SILFAR,AR_SKULLS,AR_BIG,AR_SKIROL,AR_FINROD
7	91	AR_SKIROL		Skirol		AR_CORTH,AR_BIG,AR_STORMS,AR_THORDRIN,AR_OTHRYM,AR_GOGRUN,AR_FINROD
7	92	AR_OTHRYM		Othrym		AR_GOGRUN,AR_SKIROL,AR_THORDRIN,AR_ATHRUK,AR_TARK
7	93	AR_GRORN		Grorn		AR_ERILMARK,AR_CARADWIN,AR_FINROD,AR_GOGRUN,AR_IRON,AR_BARATHOR
7	94	AR_GOGRUN		Gogrun		AR_GRORN,AR_FINROD,AR_SKIROL,AR_OTHRYM,AR_TARK,AR_IRON
7	95	AR_FINROD		Finrod		AR_SILFAR,AR_CORTH,AR_SKIROL,AR_GOGRUN,AR_GRORN,AR_ERILMARK
7	96	AR_SONGS		Songs		AR_IMILVIR,AR_EREGOTH,AR_CARAFEL,AR_CRIMSON,AR_ROMIEL,AR_ELORTHORD,AR_ALATHOR
7	97	AR_CRIMSON		Crimson		AR_SONGS,AR_ROMIEL,AR_ORCAR,AR_GALORBARD,AR_MARALAN,AR_CARAFEL
7	98	AR_ELORTHORD		Elorthord		AR_IMILVIR,AR_ELINBRAND,AR_GLIWAIN,AR_CORITHEL,AR_EMERTHEN,AR_CARAFEL,AR_SONGS
7	99	AR_CORITHEL		Corithel		AR_IMILVIR,AR_ELORTHORD,AR_GLIWAIN,AR_CARADWIN,AR_MALGOR,AR_THUNDER,AR_SCARADIR,AR_EMERTHEN
7	100	AR_ALATHOR		Alathor		AR_EREGOTH,AR_ARABAR,AR_ELINBRAND,AR_SONGS,AR_ROMIEL
7	101	AR_ELINBRAND		Elinbrand		AR_EREGOTH,AR_ARABAR,AR_ALATHOR,AR_THEODEL,AR_SKORDROTH,AR_GLIWAIN,AR_ELORTHORD
7	102	AR_GLIWAIN		Gliwain		AR_ELINBRAND,AR_SKORDROTH,AR_ATHRUDAN,AR_CARADWIN,AR_MALGOR,AR_CORITHEL,AR_ELORTHORD
7	103	AR_ATHRUDAN		Athrudan		AR_SKORDROTH,AR_ERILMARK,AR_CARADWIN,AR_BARATHOR,AR_MALGOR,AR_GLIWAIN
7	104	AR_SKORDROTH		Skordroth		AR_THEODEL,AR_ERILMARK,AR_ATHRUDAN,AR_GLIWAIN,AR_ELINBRAND
7	105	AR_ERILMARK		Erilmark		AR_CERRELM,AR_ROREON,AR_SILFAR,AR_FINROD,AR_GRORN,AR_CARADWIN,AR_BARATHOR,AR_ATHRUDAN,AR_SKORDROTH,AR_THEODEL
7	106	AR_ARABAR		Arabar		AR_EREGOTH,AR_ALATHOR,AR_CERRELM,AR_THEODEL,AR_ELINBRAND
7	107	AR_THEODEL		Theodel		AR_ARABAR,AR_CERRELM,AR_ERILMARK,AR_SKORDROTH,AR_ELINBRAND
7	108	AR_CERRELM		Cerrelm		AR_EREGOTH,AR_ROREON,AR_ERILMARK,AR_THEODEL,AR_ARABAR
7	109	AR_ROREON		Roreon		AR_EREGOTH,AR_WEEPING,AR_GREY,AR_SILFAR,AR_ERILMARK,AR_CERRELM
7	110	AR_CARAMANE		Caramane		AR_THARRAN,AR_FIRE,AR_EREGOTH,AR_ROMIEL,AR_ORCAR
7	111	AR_ROMIEL		Romiel		AR_ORCAR,AR_CARAMANE,AR_EREGOTH,AR_ALATHOR,AR_SONGS,AR_CRIMSON
7	112	AR_ORCAR		Orcar		AR_EREFAR,AR_ARELON,AR_CARAMANE,AR_ROMIEL,AR_CRIMSON,AR_GALORBARD,AR_RILLEON
7	113	AR_RAVENFREY		Ravenfrey		AR_MELIBOR,AR_MERMAIDS,AR_FIRE,AR_THARRAN,AR_ELMIR
7	114	AR_EREFAR		Erefar		AR_ELMIR,AR_THARRAN,AR_ORCAR,AR_ARELON,AR_RILLEON
7	115	AR_ELMIR		Elmir		AR_SAPPHIRE,AR_MELIBOR,AR_RAVENFREY,AR_THARRAN,AR_EREFAR,AR_RILLEON
7	116	AR_MELIBOR		Melibor		AR_ELORMANE,AR_GALORWAIN,AR_MERMAIDS,AR_ANGELF,AR_RILDROTH,AR_FIRE,AR_RAVENFREY,AR_ELMIR,AR_SAPPHIRE,AR_SHARMARK
7	117	AR_SHARMARK		Sharmark		AR_GALORWAIN,AR_ELORMANE,AR_MELIBOR,AR_SAPPHIRE,AR_ERENIM
7	118	AR_SAPPHIRE		Sapphire		AR_SHARMARK,AR_MELIBOR,AR_ELMIR,AR_RILLEON,AR_ISILFREY,AR_ERENIM
7	119	AR_ELORMANE		Elormane		AR_GALORWAIN,AR_MELIBOR,AR_SHARMARK
7	120	AR_DRAGON		Dragon		AR_ANGELF,AR_ERIVIK,AR_SARNOTH,AR_SHRYGAL,AR_RILDROTH,AR_FARAGOR
7	121	AR_RILDROTH		Rildroth		AR_FIRE,AR_MELIBOR,AR_ANGELF,AR_DRAGON,AR_FARAGOR
7	122	AR_ANGELF		Angelf		AR_GALORWAIN,AR_DRAGON,AR_FIRE,AR_MELIBOR,AR_ERIVIK,AR_RILDROTH
7	123	AR_ERIVIK		Erivik		AR_ANGELF,AR_GALORWAIN,AR_SARNOTH,AR_DRAGON
7	124	AR_SARNOTH		Sarnoth		AR_ERIVIK,AR_GALORWAIN,AR_SHRYGAL,AR_WEEPING,AR_DRAGON
7	125	AR_SHRYGAL		Shrygal		AR_WEEPING,AR_ASHNAR,AR_FARAGOR,AR_DRAGON,AR_SARNOTH
7	126	AR_FARAGOR		Faragor		AR_FIRE,AR_SERPENTS,AR_RILDROTH,AR_DRAGON,AR_SHRYGAL,AR_ASHNAR,AR_CORMIR
7	127	AR_ASHNAR		Ashnar		AR_WEEPING,AR_SHRYGAL,AR_FARAGOR,AR_CORMIR,AR_FIRE
7	128	AR_CORMIR		Cormir		AR_SERPENTS,AR_FIRE,AR_FARAGOR,AR_ASHNAR
7	129	AR_CEREVERE		Cerevere		AR_VARORN,AR_MELTHOR,AR_CEREMELTH,AR_EASTERN
7	130	AR_MELTHOR		Melthor		AR_IMILDRAL,AR_THORDROTH,AR_FARWAIN,AR_CEREMELTH,AR_CEREVERE,AR_VARORN,AR_ELINMOR
7	131	AR_VARORN		Varorn		AR_ELINMOR,AR_RILNOR,AR_EODRAL,AR_NORTHERN,AR_EASTERN,AR_CEREVERE,AR_MELTHOR
7	132	AR_OBLIVION_BORDERS		Oblivion	the Borders of	
7	133	AR_OBLIVION_MISTS		Oblivion	the Mists of	